<?xml version="1.0" encoding="UTF-8"?>
<project-private xmlns="http://www.netbeans.org/ns/project-private/1">
    <editor-bookmarks xmlns="http://www.netbeans.org/ns/editor-bookmarks/2" lastBookmarkId="0"/>
    <open-files xmlns="http://www.netbeans.org/ns/projectui-open-files/2">
        <group>
            <file>file:/C:/Users/sakshi/Documents/NetBeansProjects/Train-Ticket-Reservation-System2/crud/web/book.jsp</file>
            <file>file:/C:/Users/sakshi/Documents/NetBeansProjects/Train-Ticket-Reservation-System2/crud/web/display.jsp</file>
            <file>file:/C:/Users/sakshi/Documents/NetBeansProjects/Train-Ticket-Reservation-System2/crud/web/Login.java</file>
            <file>file:/C:/Users/sakshi/Documents/NetBeansProjects/Train-Ticket-Reservation-System2/crud/web/registration.html</file>
            <file>file:/C:/Users/sakshi/Documents/NetBeansProjects/Train-Ticket-Reservation-System2/crud/web/select_train.jsp</file>
            <file>file:/C:/Users/sakshi/Documents/NetBeansProjects/Train-Ticket-Reservation-System2/crud/web/login.html</file>
            <file>file:/C:/Users/sakshi/Documents/NetBeansProjects/Train-Ticket-Reservation-System2/crud/web/Register.java</file>
        </group>
    </open-files>
</project-private>
